{"v":"5.1.16","fr":29.9700012207031,"ip":0,"op":151.000006150356,"w":750,"h":1334,"nm":"Comp 2","ddd":0,"assets":[{"id":"image_0","w":92,"h":232,"u":"images/","p":"img_0.png","e":0},{"id":"image_1","w":68,"h":88,"u":"images/","p":"img_1.png","e":0},{"id":"image_2","w":133,"h":221,"u":"images/","p":"img_2.png","e":0},{"id":"comp_0","layers":[{"ddd":0,"ind":1,"ty":2,"nm":"Artwork 495","refId":"image_0","sr":1,"ks":{"o":{"a":0,"k":100,"ix":11},"r":{"a":1,"k":[{"i":{"x":[0.667],"y":[1]},"o":{"x":[0.333],"y":[0]},"n":["0p667_1_0p333_0"],"t":0,"s":[37],"e":[0]},{"t":31.0000012626559}],"ix":10},"p":{"a":1,"k":[{"i":{"x":0.667,"y":1},"o":{"x":0.333,"y":0},"n":"0p667_1_0p333_0","t":0,"s":[361,1045,0],"e":[361,639,0],"to":[0,-67.6666641235352,0],"ti":[0,67.6666641235352,0]},{"t":31.0000012626559}],"ix":2},"a":{"a":0,"k":[46,116,0],"ix":1},"s":{"a":0,"k":[132.759,132.759,100],"ix":6}},"ao":0,"ip":0,"op":151.000006150356,"st":0,"bm":0},{"ddd":0,"ind":2,"ty":2,"nm":"Artwork 496","refId":"image_1","sr":1,"ks":{"o":{"a":0,"k":100,"ix":11},"r":{"a":1,"k":[{"i":{"x":[0.667],"y":[1]},"o":{"x":[0.333],"y":[0]},"n":["0p667_1_0p333_0"],"t":0,"s":[37],"e":[0]},{"i":{"x":[0.833],"y":[1]},"o":{"x":[0.333],"y":[0]},"n":["0p833_1_0p333_0"],"t":31,"s":[0],"e":[30]},{"i":{"x":[0.833],"y":[1]},"o":{"x":[0.167],"y":[0]},"n":["0p833_1_0p167_0"],"t":46,"s":[30],"e":[0]},{"t":59.0000024031193}],"ix":10},"p":{"a":1,"k":[{"i":{"x":0.667,"y":1},"o":{"x":0.333,"y":0},"n":"0p667_1_0p333_0","t":0,"s":[340,905.5,0],"e":[340,499.5,0],"to":[0,-67.6666641235352,0],"ti":[0,67.6666641235352,0]},{"t":31.0000012626559}],"ix":2},"a":{"a":0,"k":[34,44,0],"ix":1},"s":{"a":0,"k":[152.941,152.941,100],"ix":6}},"ao":0,"ip":0,"op":151.000006150356,"st":0,"bm":0},{"ddd":0,"ind":3,"ty":2,"nm":"Artwork 487","refId":"image_2","sr":1,"ks":{"o":{"a":0,"k":100,"ix":11},"r":{"a":0,"k":0,"ix":10},"p":{"a":0,"k":[375,667,0],"ix":2},"a":{"a":0,"k":[66.5,110.5,0],"ix":1},"s":{"a":0,"k":[135.294,135.294,100],"ix":6}},"ao":0,"ip":0,"op":151.000006150356,"st":0,"bm":0}]}],"layers":[{"ddd":0,"ind":1,"ty":4,"nm":"Shape Layer 1","td":1,"sr":1,"ks":{"o":{"a":0,"k":100,"ix":11},"r":{"a":0,"k":0,"ix":10},"p":{"a":0,"k":[375,667,0],"ix":2},"a":{"a":0,"k":[0,0,0],"ix":1},"s":{"a":0,"k":[100,100,100],"ix":6}},"ao":0,"shapes":[{"ty":"gr","it":[{"ty":"rc","d":1,"s":{"a":0,"k":[788,516],"ix":2},"p":{"a":0,"k":[0,0],"ix":3},"r":{"a":0,"k":0,"ix":4},"nm":"Rectangle Path 1","mn":"ADBE Vector Shape - Rect","hd":false},{"ty":"fl","c":{"a":0,"k":[0.032457998687,0.254368980258,0.67843095368,1],"ix":4},"o":{"a":0,"k":100,"ix":5},"r":1,"nm":"Fill 1","mn":"ADBE Vector Graphic - Fill","hd":false},{"ty":"tr","p":{"a":0,"k":[-1,411],"ix":2},"a":{"a":0,"k":[0,0],"ix":1},"s":{"a":0,"k":[100,101.938],"ix":3},"r":{"a":0,"k":0,"ix":6},"o":{"a":0,"k":100,"ix":7},"sk":{"a":0,"k":0,"ix":4},"sa":{"a":0,"k":0,"ix":5},"nm":"Transform"}],"nm":"Rectangle 1","np":3,"cix":2,"ix":1,"mn":"ADBE Vector Group","hd":false}],"ip":0,"op":151.000006150356,"st":0,"bm":0},{"ddd":0,"ind":2,"ty":0,"nm":"Pre-comp 6","tt":2,"refId":"comp_0","sr":1,"ks":{"o":{"a":0,"k":100,"ix":11},"r":{"a":0,"k":0,"ix":10},"p":{"a":0,"k":[375,667,0],"ix":2},"a":{"a":0,"k":[375,667,0],"ix":1},"s":{"a":0,"k":[100,100,100],"ix":6}},"ao":0,"w":750,"h":1334,"ip":0,"op":151.000006150356,"st":0,"bm":0}],"markers":[]}